{"RuleTriggered": 2, "Violations": 2, "Details": {"algo-1": {"cpu": {"p25": 34.180625000000006, "p50": 39.510000000000005, "p75": 57.743750000000006, "p95": 92.84637499999995, "upper": 93.0884375, "lower": 0.0}, "gpu0": {"p25": 0.0, "p50": 0.0, "p75": 3.0, "p95": 14.0, "upper": 7.5, "lower": 0.0}, "gpu0_memory": {"p25": 0.0, "p50": 0.0, "p75": 0.0, "p95": 11.0, "upper": 0.0, "lower": 0.0}}, "last_timestamp": 1746471000000000}, "Datapoints": 1234, "RuleParameters": "cpu_threshold_p95:70\ngpu_threshold_p95:70\ngpu_memory_threshold_p95:70\npatience:1000\nwindow:500"}