{"RuleTriggered": 0, "Violations": 290, "Details": {"low_gpu_utilization": 977, "bottlenecks": {"1746471043.501918": {"GPUs": 1, "CPUs": 4}, "1746471044.001515": {"GPUs": 1, "CPUs": 4}, "1746471044.501412": {"GPUs": 1, "CPUs": 4}, "1746471045.00619": {"GPUs": 1, "CPUs": 4}, "1746471045.501356": {"GPUs": 1, "CPUs": 4}, "1746471046.00218": {"GPUs": 1, "CPUs": 4}, "1746471046.503251": {"GPUs": 1, "CPUs": 4}, "1746471047.001379": {"GPUs": 1, "CPUs": 2}, "1746471047.501684": {"GPUs": 1, "CPUs": 1}, "1746471048.001559": {"GPUs": 1, "CPUs": 1}, "1746471048.501545": {"GPUs": 1, "CPUs": 3}, "1746471049.00221": {"GPUs": 1, "CPUs": 1}, "1746471049.501962": {"GPUs": 1, "CPUs": 4}, "1746471050.004219": {"GPUs": 1, "CPUs": 4}, "1746471050.501393": {"GPUs": 1, "CPUs": 4}, "1746471051.001502": {"GPUs": 1, "CPUs": 2}, "1746471051.502189": {"GPUs": 1, "CPUs": 3}, "1746471052.002207": {"GPUs": 1, "CPUs": 4}, "1746471053.501663": {"GPUs": 1, "CPUs": 1}, "1746471055.50435": {"GPUs": 1, "CPUs": 3}, "1746471056.002008": {"GPUs": 1, "CPUs": 1}, "1746471056.501734": {"GPUs": 1, "CPUs": 4}, "1746471057.002189": {"GPUs": 1, "CPUs": 4}, "1746471057.5022": {"GPUs": 1, "CPUs": 4}, "1746471058.004665": {"GPUs": 1, "CPUs": 4}, "1746471058.502163": {"GPUs": 1, "CPUs": 4}, "1746471059.001929": {"GPUs": 1, "CPUs": 4}, "1746471059.510204": {"GPUs": 1, "CPUs": 4}, "1746471060.001207": {"GPUs": 1, "CPUs": 4}, "1746471060.502194": {"GPUs": 1, "CPUs": 4}, "1746471061.005156": {"GPUs": 1, "CPUs": 3}, "1746471061.502183": {"GPUs": 1, "CPUs": 4}, "1746471062.001544": {"GPUs": 1, "CPUs": 2}, "1746471062.501172": {"GPUs": 1, "CPUs": 4}, "1746471063.002377": {"GPUs": 1, "CPUs": 4}, "1746471063.502214": {"GPUs": 1, "CPUs": 2}, "1746471064.002178": {"GPUs": 1, "CPUs": 4}, "1746471064.501557": {"GPUs": 1, "CPUs": 3}, "1746471065.00332": {"GPUs": 1, "CPUs": 4}, "1746471065.501621": {"GPUs": 1, "CPUs": 4}, "1746471066.003234": {"GPUs": 1, "CPUs": 4}, "1746471066.502191": {"GPUs": 1, "CPUs": 4}, "1746471067.002201": {"GPUs": 1, "CPUs": 2}, "1746471067.501858": {"GPUs": 1, "CPUs": 3}, "1746471068.001823": {"GPUs": 1, "CPUs": 2}, "1746471068.502236": {"GPUs": 1, "CPUs": 4}, "1746471069.004393": {"GPUs": 1, "CPUs": 3}, "1746471069.502208": {"GPUs": 1, "CPUs": 4}, "1746471070.001828": {"GPUs": 1, "CPUs": 3}, "1746471070.503375": {"GPUs": 1, "CPUs": 4}, "1746471071.001181": {"GPUs": 1, "CPUs": 3}, "1746471071.501686": {"GPUs": 1, "CPUs": 4}, "1746471072.001446": {"GPUs": 1, "CPUs": 2}, "1746471072.501385": {"GPUs": 1, "CPUs": 4}, "1746471073.002221": {"GPUs": 1, "CPUs": 3}, "1746471073.503175": {"GPUs": 1, "CPUs": 4}, "1746471074.002046": {"GPUs": 1, "CPUs": 2}, "1746471074.501564": {"GPUs": 1, "CPUs": 4}, "1746471075.001452": {"GPUs": 1, "CPUs": 3}, "1746471075.501992": {"GPUs": 1, "CPUs": 4}, "1746471076.001519": {"GPUs": 1, "CPUs": 2}, "1746471076.502209": {"GPUs": 1, "CPUs": 4}, "1746471077.002208": {"GPUs": 1, "CPUs": 4}, "1746471077.502785": {"GPUs": 1, "CPUs": 4}, "1746471078.501362": {"GPUs": 1, "CPUs": 4}, "1746471079.002188": {"GPUs": 1, "CPUs": 4}, "1746471079.501844": {"GPUs": 1, "CPUs": 4}, "1746471080.002195": {"GPUs": 1, "CPUs": 4}, "1746471080.50175": {"GPUs": 1, "CPUs": 4}, "1746471081.001532": {"GPUs": 1, "CPUs": 3}, "1746471081.501485": {"GPUs": 1, "CPUs": 4}, "1746471082.001043": {"GPUs": 1, "CPUs": 4}, "1746471082.502885": {"GPUs": 1, "CPUs": 4}, "1746471083.00317": {"GPUs": 1, "CPUs": 4}, "1746471083.502908": {"GPUs": 1, "CPUs": 4}, "1746471084.002299": {"GPUs": 1, "CPUs": 4}, "1746471084.501403": {"GPUs": 1, "CPUs": 4}, "1746471085.003249": {"GPUs": 1, "CPUs": 4}, "1746471085.50224": {"GPUs": 1, "CPUs": 4}, "1746471086.001695": {"GPUs": 1, "CPUs": 4}, "1746471086.501452": {"GPUs": 1, "CPUs": 3}, "1746471087.002222": {"GPUs": 1, "CPUs": 4}, "1746471087.502201": {"GPUs": 1, "CPUs": 3}, "1746471088.001787": {"GPUs": 1, "CPUs": 1}, "1746471088.501662": {"GPUs": 1, "CPUs": 3}, "1746471089.501145": {"GPUs": 1, "CPUs": 1}, "1746471125.001692": {"GPUs": 1, "CPUs": 1}, "1746471167.001797": {"GPUs": 1, "CPUs": 1}, "1746471168.001561": {"GPUs": 1, "CPUs": 1}, "1746471177.001964": {"GPUs": 1, "CPUs": 1}, "1746471237.501508": {"GPUs": 1, "CPUs": 1}, "1746471250.501571": {"GPUs": 1, "CPUs": 1}, "1746471252.501326": {"GPUs": 1, "CPUs": 1}, "1746471253.501951": {"GPUs": 1, "CPUs": 1}, "1746471257.500964": {"GPUs": 1, "CPUs": 1}, "1746471332.001915": {"GPUs": 1, "CPUs": 1}, "1746471341.001483": {"GPUs": 1, "CPUs": 1}, "1746471344.001668": {"GPUs": 1, "CPUs": 1}, "1746471344.501726": {"GPUs": 1, "CPUs": 1}, "1746471345.001971": {"GPUs": 1, "CPUs": 1}, "1746471346.501744": {"GPUs": 1, "CPUs": 1}, "1746471347.001647": {"GPUs": 1, "CPUs": 1}, "1746471348.00177": {"GPUs": 1, "CPUs": 1}, "1746471348.501684": {"GPUs": 1, "CPUs": 1}, "1746471349.001376": {"GPUs": 1, "CPUs": 1}, "1746471352.001956": {"GPUs": 1, "CPUs": 1}, "1746471353.501794": {"GPUs": 1, "CPUs": 1}, "1746471354.501844": {"GPUs": 1, "CPUs": 1}, "1746471356.501711": {"GPUs": 1, "CPUs": 1}, "1746471361.001751": {"GPUs": 1, "CPUs": 1}, "1746471362.001961": {"GPUs": 1, "CPUs": 1}, "1746471368.501835": {"GPUs": 1, "CPUs": 1}, "1746471369.501771": {"GPUs": 1, "CPUs": 1}, "1746471374.50197": {"GPUs": 1, "CPUs": 1}, "1746471376.001668": {"GPUs": 1, "CPUs": 1}, "1746471377.50151": {"GPUs": 1, "CPUs": 1}, "1746471378.001328": {"GPUs": 1, "CPUs": 1}, "1746471381.002002": {"GPUs": 1, "CPUs": 1}, "1746471382.501788": {"GPUs": 1, "CPUs": 1}, "1746471388.001823": {"GPUs": 1, "CPUs": 1}, "1746471392.001641": {"GPUs": 1, "CPUs": 1}, "1746471392.501703": {"GPUs": 1, "CPUs": 1}, "1746471393.501832": {"GPUs": 1, "CPUs": 1}, "1746471395.001937": {"GPUs": 1, "CPUs": 1}, "1746471398.001503": {"GPUs": 1, "CPUs": 1}, "1746471400.001131": {"GPUs": 1, "CPUs": 1}, "1746471404.50154": {"GPUs": 1, "CPUs": 1}, "1746471408.001822": {"GPUs": 1, "CPUs": 1}, "1746471410.501264": {"GPUs": 1, "CPUs": 1}, "1746471411.001379": {"GPUs": 1, "CPUs": 1}, "1746471412.001316": {"GPUs": 1, "CPUs": 1}, "1746471416.500984": {"GPUs": 1, "CPUs": 1}, "1746471417.001262": {"GPUs": 1, "CPUs": 1}, "1746471418.001518": {"GPUs": 1, "CPUs": 1}, "1746471420.00164": {"GPUs": 1, "CPUs": 1}, "1746471422.501218": {"GPUs": 1, "CPUs": 1}, "1746471424.001184": {"GPUs": 1, "CPUs": 1}, "1746471429.501227": {"GPUs": 1, "CPUs": 1}, "1746471434.00122": {"GPUs": 1, "CPUs": 1}, "1746471434.501361": {"GPUs": 1, "CPUs": 1}, "1746471438.501827": {"GPUs": 1, "CPUs": 1}, "1746471440.001963": {"GPUs": 1, "CPUs": 1}, "1746471443.501481": {"GPUs": 1, "CPUs": 1}, "1746471445.00176": {"GPUs": 1, "CPUs": 1}, "1746471446.501985": {"GPUs": 1, "CPUs": 1}, "1746471447.000973": {"GPUs": 1, "CPUs": 1}, "1746471448.001171": {"GPUs": 1, "CPUs": 1}, "1746471448.501216": {"GPUs": 1, "CPUs": 1}, "1746471456.00123": {"GPUs": 1, "CPUs": 1}, "1746471456.501486": {"GPUs": 1, "CPUs": 1}, "1746471457.001309": {"GPUs": 1, "CPUs": 1}, "1746471459.501537": {"GPUs": 1, "CPUs": 1}, "1746471460.001407": {"GPUs": 1, "CPUs": 1}, "1746471462.501947": {"GPUs": 1, "CPUs": 1}, "1746471463.001876": {"GPUs": 1, "CPUs": 1}, "1746471465.001471": {"GPUs": 1, "CPUs": 1}, "1746471465.50128": {"GPUs": 1, "CPUs": 1}, "1746471466.500977": {"GPUs": 1, "CPUs": 1}, "1746471467.001178": {"GPUs": 1, "CPUs": 1}, "1746471467.501434": {"GPUs": 1, "CPUs": 1}, "1746471471.00164": {"GPUs": 1, "CPUs": 1}, "1746471473.00109": {"GPUs": 1, "CPUs": 1}, "1746471473.501803": {"GPUs": 1, "CPUs": 1}, "1746471475.501364": {"GPUs": 1, "CPUs": 1}, "1746471476.001366": {"GPUs": 1, "CPUs": 1}, "1746471476.501229": {"GPUs": 1, "CPUs": 1}, "1746471479.001889": {"GPUs": 1, "CPUs": 1}, "1746471481.001333": {"GPUs": 1, "CPUs": 1}, "1746471481.501279": {"GPUs": 1, "CPUs": 1}, "1746471482.002012": {"GPUs": 1, "CPUs": 1}, "1746471484.00195": {"GPUs": 1, "CPUs": 1}, "1746471488.501733": {"GPUs": 1, "CPUs": 1}, "1746471489.501295": {"GPUs": 1, "CPUs": 1}, "1746471491.001331": {"GPUs": 1, "CPUs": 1}, "1746471493.000954": {"GPUs": 1, "CPUs": 1}, "1746471493.5018": {"GPUs": 1, "CPUs": 1},