{"RuleTriggered": 0, "Violations": 0, "Details": {"pin_memory": false, "num_workers": 0, "cores": 4, "dataloaders": 1, "dataloading_time": {"p25": 0.3627875, "p50": 0.41447199999999995, "p95": 0.6670662499999997, "probs": [1, 0, 0, 0, 0, 0, 2, 0, 0, 0, 1, 0, 0, 0, 0, 0, 0, 0, 0, 1, 1, 0, 1, 0, 0, 0, 0, 0, 0, 0, 0, 1, 0, 0, 0, 0, 0, 0, 0, 0, 0, 0, 0, 0, 0, 0, 0, 0, 0, 0, 0, 0, 1, 0, 0, 0, 0, 0, 0, 0, 0, 0, 0, 0, 0, 0, 0, 0, 0, 0, 0, 0, 0, 0, 0, 0, 0, 0, 0, 0, 0, 0, 0, 0, 0, 0, 0, 0, 0, 0, 0, 0, 0, 0, 0, 0, 0, 0, 0, 1], "binedges": [0.328698, 0.33299336, 0.33728872, 0.34158408, 0.34587944, 0.3501748, 0.35447016, 0.35876552, 0.36306088, 0.36735624, 0.37165159999999997, 0.37594696, 0.38024231999999997, 0.38453768, 0.38883303999999996, 0.3931284, 0.39742376, 0.40171912, 0.40601447999999996, 0.41030984, 0.4146052, 0.41890056, 0.42319592, 0.42749128, 0.43178664, 0.43608199999999997, 0.44037736, 0.44467271999999997, 0.44896808, 0.45326343999999996, 0.4575588, 0.46185416, 0.46614952, 0.47044487999999995, 0.47474024, 0.4790356, 0.48333096, 0.48762631999999995, 0.49192168, 0.49621704, 0.5005124, 0.50480776, 0.50910312, 0.51339848, 0.51769384, 0.5219891999999999, 0.52628456, 0.53057992, 0.53487528, 0.53917064, 0.543466, 0.54776136, 0.55205672, 0.5563520799999999, 0.56064744, 0.5649428, 0.56923816, 0.57353352, 0.57782888, 0.58212424, 0.5864195999999999, 0.5907149599999999, 0.59501032, 0.59930568, 0.60360104, 0.6078964, 0.61219176, 0.6164871199999999, 0.6207824799999999, 0.62507784, 0.6293732, 0.63366856, 0.63796392, 0.64225928, 0.64655464, 0.6508499999999999, 0.6551453599999999, 0.65944072, 0.66373608, 0.66803144, 0.6723268, 0.67662216, 0.6809175199999999, 0.6852128799999999, 0.68950824, 0.6938036, 0.69809896, 0.70239432, 0.70668968, 0.71098504, 0.7152803999999999, 0.7195757599999999, 0.72387112, 0.72816648, 0.73246184, 0.7367572, 0.74105256, 0.7453479199999999, 0.7496432799999999, 0.75393864, 0.758234]}}, "Datapoints": 10, "RuleParameters": "min_threshold:70\nmax_threshold:200"}