{"RuleTriggered": 0, "Violations": 21, "Details": {"low_gpu_utilization": 977, "bottlenecks": {"1746471106.50161": {"GPUs": 1, "CPUs": 1}, "1746471124.500969": {"GPUs": 1, "CPUs": 1}, "1746471125.001692": {"GPUs": 1, "CPUs": 1}, "1746471130.000958": {"GPUs": 1, "CPUs": 1}, "1746471146.001952": {"GPUs": 1, "CPUs": 1}, "1746471146.501324": {"GPUs": 1, "CPUs": 1}, "1746471172.001702": {"GPUs": 1, "CPUs": 1}, "1746471172.501577": {"GPUs": 1, "CPUs": 1}, "1746471201.001664": {"GPUs": 1, "CPUs": 1}, "1746471201.501074": {"GPUs": 1, "CPUs": 1}, "1746471331.501191": {"GPUs": 1, "CPUs": 1}, "1746471332.001915": {"GPUs": 1, "CPUs": 1}, "1746471336.501248": {"GPUs": 1, "CPUs": 1}, "1746471337.001571": {"GPUs": 1, "CPUs": 1}, "1746471337.501761": {"GPUs": 1, "CPUs": 1}, "1746471340.50129": {"GPUs": 1, "CPUs": 1}, "1746471341.001483": {"GPUs": 1, "CPUs": 1}, "1746471341.501327": {"GPUs": 1, "CPUs": 1}, "1746471342.001195": {"GPUs": 1, "CPUs": 1}, "1746471353.501794": {"GPUs": 1, "CPUs": 1}, "1746471455.001173": {"GPUs": 1, "CPUs": 1}}}, "Datapoints": 1238, "RuleParameters": "threshold:50\nio_threshold:50\ngpu_threshold:10\npatience:1000"}