{"RuleTriggered": 0, "Violations": 0, "Details": {"step_num": {"first": 1746471348620160, "last": 1746471634015114}, "job_start": 1746471042.500973, "job_end": 1746471659.501993}, "Datapoints": 640, "RuleParameters": "threshold:20"}