{"RuleTriggered": 0, "Violations": 0, "Details": {"ratio": {"gpu_functions-dev:0": 50.707143391730256, "cpu_functions": 49.29285660826974}, "phase": {"Step:ModeKeys.TRAIN": 14.690907779009521, "others": 79.0275644594752, "Step:ModeKeys.EVAL": 6.281527761515282}, "phase_time": {}, "CPU": {"aten::conv2d": 16.805473749215185, "aten::convolution": 16.79309709952372, "aten::_convolution": 16.783713042471827, "aten::cudnn_convolution": 16.769547773669625, "aten::linear": 5.760433644510118, "aten::addmm": 5.75866979851726, "enumerate(DataLoader)#_SingleProcessDataLoaderIter.__next__": 21.329064892092262}, "CPU_total": {"aten::conv2d": 3391877, "aten::convolution": 3389379, "aten::_convolution": 3387485, "aten::cudnn_convolution": 3384626, "aten::linear": 1162638, "aten::addmm": 1162282, "enumerate(DataLoader)#_SingleProcessDataLoaderIter.__next__": 4304881}, "GPU": {"aten::conv2d": 16.993558930500647, "aten::convolution": 16.989197250729763, "aten::_convolution": 16.985464194429177, "aten::cudnn_convolution": 16.9806818204897, "aten::linear": 5.617708149078153, "aten::addmm": 5.616629818048323, "enumerate(DataLoader)#_SingleProcessDataLoaderIter.__next__": 20.816759836724245}, "GPU_total": {"aten::conv2d": 3514286, "aten::convolution": 3513384, "aten::_convolution": 3512612, "aten::cudnn_convolution": 3511623, "aten::linear": 1161748, "aten::addmm": 1161525, "enumerate(DataLoader)#_SingleProcessDataLoaderIter.__next__": 4304928}, "general": {"DataLoaderIterInitialize": 0.002333039401007408, "DataLoaderIter": 12.035512265974926, "Forward": 87.96215469462406}}, "Datapoints": 0, "RuleParameters": ""}