{"RuleTriggered": 2, "Violations": 22, "Details": {"step_details": {"algo-1-33": {"step_stats": {"mean": 0.03631146178343948, "max": 5.497189, "p99": 0.9560986200000002, "p95": 0.0120992, "p50": 0.009482, "min": 0.007735}, "number_of_outliers": 11, "phase": "Step:ModeKeys.TRAIN", "stddev": 0.25, "probs": [613, 2, 0, 0, 0, 0, 0, 0, 0, 0, 0, 0, 0, 0, 0, 0, 0, 0, 0, 0, 0, 0, 0, 0, 0, 0, 0, 0, 0, 0, 0, 0, 0, 0, 0, 0, 0, 0, 0, 0, 0, 0, 0, 0, 0, 0, 0, 0, 0, 0, 0, 0, 0, 1, 0, 0, 0, 0, 0, 0, 0, 0, 0, 0, 0, 0, 0, 0, 0, 0, 0, 0, 0, 0, 0, 0, 0, 0, 0, 0, 0, 0, 0, 0, 0, 0, 0, 0, 0, 0, 0, 0, 0, 0, 0, 0, 0, 0, 0, 1], "binedges": [0.007735, 0.01543721, 0.023139419999999997, 0.030841629999999995, 0.038543839999999996, 0.04624605, 0.05394825999999999, 0.06165046999999999, 0.06935268, 0.07705489, 0.0847571, 0.09245931, 0.10016151999999999, 0.10786372999999999, 0.11556593999999999, 0.12326814999999999, 0.13097035999999998, 0.13867256999999997, 0.14637477999999998, 0.15407698999999997, 0.16177919999999998, 0.16948140999999997, 0.17718362, 0.18488582999999997, 0.19258803999999996, 0.20029024999999998, 0.20799245999999996, 0.21569466999999998, 0.22339687999999996, 0.23109908999999998, 0.23880129999999997, 0.24650350999999998, 0.25420571999999997, 0.26190792999999996, 0.26961013999999994, 0.27731235, 0.28501456, 0.29271676999999996, 0.30041897999999995, 0.30812119, 0.3158234, 0.32352560999999996, 0.33122781999999995, 0.33893002999999994, 0.34663224, 0.35433444999999997, 0.36203665999999995, 0.36973886999999994, 0.37744107999999993, 0.38514328999999997, 0.39284549999999996, 0.40054770999999995, 0.40824991999999993, 0.41595213, 0.42365433999999996, 0.43135654999999995, 0.43905875999999994, 0.4467609699999999, 0.45446317999999997, 0.46216538999999995, 0.46986759999999994, 0.47756980999999993, 0.48527201999999997, 0.49297422999999996, 0.50067644, 0.50837865, 0.51608086, 0.52378307, 0.53148528, 0.53918749, 0.5468897, 0.55459191, 0.56229412, 0.5699963299999999, 0.57769854, 0.58540075, 0.59310296, 0.60080517, 0.60850738, 0.61620959, 0.6239118, 0.63161401, 0.63931622, 0.64701843, 0.65472064, 0.66242285, 0.6701250599999999, 0.67782727, 0.68552948, 0.69323169, 0.7009339, 0.7086361099999999, 0.71633832, 0.72404053, 0.73174274, 0.73944495, 0.7471471599999999, 0.75484937, 0.76255158, 0.7702537899999999, 0.777956], "step_numbers": ["0", "1", "2", "3", "4", "4", "5", "6", "7", "8", "9"]}}, "ratio": {}, "phase": {"Step:ModeKeys.EVAL": 100.0}, "phase_time": {}, "general": {"Forward": 100.0}}, "Datapoints": 640, "RuleParameters": "threshold:3\nmode:None\nn_outliers:10\nstddev:3"}